PRAGMA foreign_keys = ON;


--  PARAMETRES INCOPORTARS A CUINA
CREATE TABLE parametres (
   'PARAM'    text,
   primary key('PARAM')
);
INSERT INTO parametres VALUES('PERHAB');   -- Persones per habitatge
INSERT INTO parametres VALUES('PRESAP');   -- Presencia en àpats a habitatge 
INSERT INTO parametres VALUES('CANVAP');   -- Canvis en els àpats
INSERT INTO parametres VALUES('REND');     -- Rendiments tecnologies
INSERT INTO parametres VALUES('REPFORM');  -- Repartiment de formes de tecnologia
INSERT INTO parametres VALUES('CONGN');    -- Consum real GN per a cuina

--  INTERVALS TEMPORALS DE LES DADES INTRODUIDES
CREATE TABLE time_slices (
   'T_SLICES'    integer,
   'PAST'        integer,
   primary key('T_SLICES')
);
INSERT INTO time_slices VALUES (2010,1);
INSERT INTO time_slices VALUES (2011,1);
INSERT INTO time_slices VALUES (2012,1);
INSERT INTO time_slices VALUES (2013,1);
INSERT INTO time_slices VALUES (2014,1);
INSERT INTO time_slices VALUES (2015,1);
INSERT INTO time_slices VALUES (2016,1);
INSERT INTO time_slices VALUES (2017,1);
INSERT INTO time_slices VALUES (2018,1);
INSERT INTO time_slices VALUES (2019,1);
INSERT INTO time_slices VALUES (2020,1);
INSERT INTO time_slices VALUES (2021,1);
INSERT INTO time_slices VALUES (2022,1);
INSERT INTO time_slices VALUES (2023,1);
INSERT INTO time_slices VALUES (2024,1);
INSERT INTO time_slices VALUES (2025,0);
INSERT INTO time_slices VALUES (2026,0);
INSERT INTO time_slices VALUES (2027,0);
INSERT INTO time_slices VALUES (2028,0);
INSERT INTO time_slices VALUES (2029,0);
INSERT INTO time_slices VALUES (2030,0);
INSERT INTO time_slices VALUES (2031,0);
INSERT INTO time_slices VALUES (2032,0);
INSERT INTO time_slices VALUES (2033,0);
INSERT INTO time_slices VALUES (2034,0);
INSERT INTO time_slices VALUES (2035,0);
INSERT INTO time_slices VALUES (2036,0);
INSERT INTO time_slices VALUES (2037,0);
INSERT INTO time_slices VALUES (2038,0);
INSERT INTO time_slices VALUES (2039,0);
INSERT INTO time_slices VALUES (2040,0);
INSERT INTO time_slices VALUES (2041,0);
INSERT INTO time_slices VALUES (2042,0);
INSERT INTO time_slices VALUES (2043,0);
INSERT INTO time_slices VALUES (2044,0);
INSERT INTO time_slices VALUES (2045,0);
INSERT INTO time_slices VALUES (2046,0);
INSERT INTO time_slices VALUES (2047,0);
INSERT INTO time_slices VALUES (2048,0);
INSERT INTO time_slices VALUES (2049,0);
INSERT INTO time_slices VALUES (2050,0);

--  ESCENARIS 
CREATE TABLE escenaris (
   'SCEN'  text,
   primary key('SCEN')
);
INSERT INTO escenaris VALUES ('BASE');     -- Escenari base
INSERT INTO escenaris VALUES ('APOSTA');   -- Escenari aposta

--  FONTS ENERGÈTIQUES
CREATE TABLE productes (
   'PRODU'  text,
   primary key('PRODU')
);
INSERT INTO productes VALUES ('GLP');   -- Gas Licuat del Petroli
INSERT INTO productes VALUES ('ELE');   -- Electrcitat
INSERT INTO productes VALUES ('BIO');   -- Biogas xarxa local
INSERT INTO productes VALUES ('GN');    -- GN

-- Taula dels paràmetres de l'ús de cuina
CREATE TABLE cuina (
   'PARAM' text,
   'SCEN' text,
   'T_SLICES' integer,
   'PRODU' text,
   'VALUE' real,
   'UNITATS' text,
   'FLAG' integer, -- (0-imposat; 1-calculat)
   primary key('PARAM','SCEN','T_SLICES', 'PRODU')
   foreign key("PARAM") references "parametres"("PARAM")
   foreign key("SCEN") references "escenaris"("SCEN")
   foreign key("T_SLICES") references "time_slices"("T_SLICES")
   foreign key("PRODU") references "productes"("PRODU")
);

-- Persones per habitatge
INSERT INTO cuina VALUES ('PERHAB', NULL, 2011, NULL, 2.517, 'PERSONES/HABITATGE', 0);
INSERT INTO cuina VALUES ('PERHAB', NULL, 2012, NULL, 2.514, 'PERSONES/HABITATGE', 0);
INSERT INTO cuina VALUES ('PERHAB', NULL, 2013, NULL, 2.510, 'PERSONES/HABITATGE', 0);
INSERT INTO cuina VALUES ('PERHAB', NULL, 2014, NULL, 2.507, 'PERSONES/HABITATGE', 0);
INSERT INTO cuina VALUES ('PERHAB', NULL, 2015, NULL, 2.504, 'PERSONES/HABITATGE', 0);
INSERT INTO cuina VALUES ('PERHAB', NULL, 2016, NULL, 2.501, 'PERSONES/HABITATGE', 0);
INSERT INTO cuina VALUES ('PERHAB', NULL, 2017, NULL, 2.498, 'PERSONES/HABITATGE', 0);
INSERT INTO cuina VALUES ('PERHAB', NULL, 2018, NULL, 2.491, 'PERSONES/HABITATGE', 0);
INSERT INTO cuina VALUES ('PERHAB', NULL, 2019, NULL, 2.484, 'PERSONES/HABITATGE', 0);
INSERT INTO cuina VALUES ('PERHAB', NULL, 2020, NULL, 2.477, 'PERSONES/HABITATGE', 0);
INSERT INTO cuina VALUES ('PERHAB', NULL, 2021, NULL, 2.469, 'PERSONES/HABITATGE', 0);
INSERT INTO cuina VALUES ('PERHAB', NULL, 2022, NULL, 2.462, 'PERSONES/HABITATGE', 0);
INSERT INTO cuina VALUES ('PERHAB', NULL, 2023, NULL, 2.454, 'PERSONES/HABITATGE', 0);
INSERT INTO cuina VALUES ('PERHAB', NULL, 2024, NULL, 2.446, 'PERSONES/HABITATGE', 0);
INSERT INTO cuina VALUES ('PERHAB', NULL, 2025, NULL, 2.437, 'PERSONES/HABITATGE', 0);
INSERT INTO cuina VALUES ('PERHAB', NULL, 2026, NULL, 2.428, 'PERSONES/HABITATGE', 0);
INSERT INTO cuina VALUES ('PERHAB', NULL, 2027, NULL, 2.420, 'PERSONES/HABITATGE', 0);
INSERT INTO cuina VALUES ('PERHAB', NULL, 2028, NULL, 2.411, 'PERSONES/HABITATGE', 0);
INSERT INTO cuina VALUES ('PERHAB', NULL, 2029, NULL, 2.403, 'PERSONES/HABITATGE', 0);
INSERT INTO cuina VALUES ('PERHAB', NULL, 2030, NULL, 2.395, 'PERSONES/HABITATGE', 0);
INSERT INTO cuina VALUES ('PERHAB', NULL, 2031, NULL, 2.387, 'PERSONES/HABITATGE', 0);
INSERT INTO cuina VALUES ('PERHAB', NULL, 2032, NULL, 2.380, 'PERSONES/HABITATGE', 0);
INSERT INTO cuina VALUES ('PERHAB', NULL, 2033, NULL, 2.373, 'PERSONES/HABITATGE', 0);
INSERT INTO cuina VALUES ('PERHAB', NULL, 2034, NULL, 2.366, 'PERSONES/HABITATGE', 0);
INSERT INTO cuina VALUES ('PERHAB', NULL, 2035, NULL, 2.359, 'PERSONES/HABITATGE', 0);
INSERT INTO cuina VALUES ('PERHAB', NULL, 2036, NULL, 2.353, 'PERSONES/HABITATGE', 0);
INSERT INTO cuina VALUES ('PERHAB', NULL, 2037, NULL, 2.346, 'PERSONES/HABITATGE', 0);
INSERT INTO cuina VALUES ('PERHAB', NULL, 2038, NULL, 2.340, 'PERSONES/HABITATGE', 0);
INSERT INTO cuina VALUES ('PERHAB', NULL, 2039, NULL, 2.335, 'PERSONES/HABITATGE', 0);
INSERT INTO cuina VALUES ('PERHAB', NULL, 2040, NULL, 2.330, 'PERSONES/HABITATGE', 0);
INSERT INTO cuina VALUES ('PERHAB', NULL, 2041, NULL, 2.325, 'PERSONES/HABITATGE', 0);
INSERT INTO cuina VALUES ('PERHAB', NULL, 2042, NULL, 2.320, 'PERSONES/HABITATGE', 0);
INSERT INTO cuina VALUES ('PERHAB', NULL, 2043, NULL, 2.316, 'PERSONES/HABITATGE', 0);
INSERT INTO cuina VALUES ('PERHAB', NULL, 2044, NULL, 2.313, 'PERSONES/HABITATGE', 0);
INSERT INTO cuina VALUES ('PERHAB', NULL, 2045, NULL, 2.310, 'PERSONES/HABITATGE', 0);
INSERT INTO cuina VALUES ('PERHAB', NULL, 2046, NULL, 2.307, 'PERSONES/HABITATGE', 0);
INSERT INTO cuina VALUES ('PERHAB', NULL, 2047, NULL, 2.305, 'PERSONES/HABITATGE', 0);
INSERT INTO cuina VALUES ('PERHAB', NULL, 2048, NULL, 2.304, 'PERSONES/HABITATGE', 0);
INSERT INTO cuina VALUES ('PERHAB', NULL, 2049, NULL, 2.303, 'PERSONES/HABITATGE', 0);
INSERT INTO cuina VALUES ('PERHAB', NULL, 2050, NULL, 2.303, 'PERSONES/HABITATGE', 0);

-- Presencia en àpats a habitatge 
INSERT INTO cuina VALUES ('PRESAP', 'BASE', 2010, NULL, 0.83, 'TANT PER U', 0);
INSERT INTO cuina VALUES ('PRESAP', 'BASE', 2015, NULL, 0.83, 'TANT PER U', 0);
INSERT INTO cuina VALUES ('PRESAP', 'BASE', 2020, NULL, 0.83, 'TANT PER U', 0);
INSERT INTO cuina VALUES ('PRESAP', 'BASE', 2025, NULL, 0.822, 'TANT PER U', 0);
INSERT INTO cuina VALUES ('PRESAP', 'BASE', 2030, NULL, 0.814, 'TANT PER U', 0);
INSERT INTO cuina VALUES ('PRESAP', 'BASE', 2040, NULL, 0.804, 'TANT PER U', 0);
INSERT INTO cuina VALUES ('PRESAP', 'BASE', 2050, NULL, 0.80, 'TANT PER U', 0);
INSERT INTO cuina VALUES ('PRESAP', 'APOSTA', 2010, NULL, 0.83, 'TANT PER U', 0);
INSERT INTO cuina VALUES ('PRESAP', 'APOSTA', 2015, NULL, 0.83, 'TANT PER U', 0);
INSERT INTO cuina VALUES ('PRESAP', 'APOSTA', 2020, NULL, 0.83, 'TANT PER U', 0);
INSERT INTO cuina VALUES ('PRESAP', 'APOSTA', 2025, NULL, 0.822, 'TANT PER U', 0);
INSERT INTO cuina VALUES ('PRESAP', 'APOSTA', 2030, NULL, 0.814, 'TANT PER U', 0);
INSERT INTO cuina VALUES ('PRESAP', 'APOSTA', 2040, NULL, 0.804, 'TANT PER U', 0);
INSERT INTO cuina VALUES ('PRESAP', 'APOSTA', 2050, NULL, 0.80, 'TANT PER U', 0);

-- Canvis en els àpats
INSERT INTO cuina VALUES ('CANVAP', 'BASE', 2010, NULL, 0.0, 'TANT PER U', 0);
INSERT INTO cuina VALUES ('CANVAP', 'BASE', 2015, NULL, 0.0, 'TANT PER U', 0);
INSERT INTO cuina VALUES ('CANVAP', 'BASE', 2020, NULL, 0.0, 'TANT PER U', 0);
INSERT INTO cuina VALUES ('CANVAP', 'BASE', 2025, NULL, -0.006, 'TANT PER U', 0);
INSERT INTO cuina VALUES ('CANVAP', 'BASE', 2030, NULL, -0.006, 'TANT PER U', 0);
INSERT INTO cuina VALUES ('CANVAP', 'BASE', 2040, NULL, -0.003, 'TANT PER U', 0);
INSERT INTO cuina VALUES ('CANVAP', 'BASE', 2050, NULL, -0.002, 'TANT PER U', 0);
INSERT INTO cuina VALUES ('CANVAP', 'APOSTA', 2010, NULL, 0.0, 'TANT PER U', 0);
INSERT INTO cuina VALUES ('CANVAP', 'APOSTA', 2015, NULL, 0.0, 'TANT PER U', 0);
INSERT INTO cuina VALUES ('CANVAP', 'APOSTA', 2020, NULL, 0.0, 'TANT PER U', 0);
INSERT INTO cuina VALUES ('CANVAP', 'APOSTA', 2025, NULL, -0.006, 'TANT PER U', 0);
INSERT INTO cuina VALUES ('CANVAP', 'APOSTA', 2030, NULL, -0.006, 'TANT PER U', 0);
INSERT INTO cuina VALUES ('CANVAP', 'APOSTA', 2040, NULL, -0.003, 'TANT PER U', 0);
INSERT INTO cuina VALUES ('CANVAP', 'APOSTA', 2050, NULL, -0.002, 'TANT PER U', 0);

-- Rendiments tecnologies

INSERT INTO cuina VALUES ('REND', 'BASE', 2010, 'GLP', 0.85, 'TANT PER U', 0);
INSERT INTO cuina VALUES ('REND', 'BASE', 2010, 'ELE', 1.00, 'TANT PER U', 0);
INSERT INTO cuina VALUES ('REND', 'BASE', 2010, 'BIO', 0.85, 'TANT PER U', 0);
INSERT INTO cuina VALUES ('REND', 'BASE', 2010, 'GN', 0.85, 'TANT PER U', 0);
INSERT INTO cuina VALUES ('REND', 'APOSTA', 2010, 'GLP', 0.85, 'TANT PER U', 0);
INSERT INTO cuina VALUES ('REND', 'APOSTA', 2010, 'ELE', 1.00, 'TANT PER U', 0);
INSERT INTO cuina VALUES ('REND', 'APOSTA', 2010, 'BIO', 0.85, 'TANT PER U', 0);
INSERT INTO cuina VALUES ('REND', 'APOSTA', 2010, 'GN', 0.85, 'TANT PER U', 0);

-- Repartiment de formes de tecnologia

INSERT INTO cuina VALUES ('REPFORM', 'BASE', 2010, 'GLP', 0.15, 'TANT PER U', 0);
INSERT INTO cuina VALUES ('REPFORM', 'BASE', 2015, 'GLP', 0.15, 'TANT PER U', 0);
INSERT INTO cuina VALUES ('REPFORM', 'BASE', 2020, 'GLP', 0.15, 'TANT PER U', 0);
INSERT INTO cuina VALUES ('REPFORM', 'BASE', 2025, 'GLP', 0.12, 'TANT PER U', 0);
INSERT INTO cuina VALUES ('REPFORM', 'BASE', 2030, 'GLP', 0.085, 'TANT PER U', 0);
INSERT INTO cuina VALUES ('REPFORM', 'BASE', 2040, 'GLP', 0.04, 'TANT PER U', 0);
INSERT INTO cuina VALUES ('REPFORM', 'BASE', 2050, 'GLP', 0.03, 'TANT PER U', 0);

INSERT INTO cuina VALUES ('REPFORM', 'BASE', 2010, 'ELE', 0.20, 'TANT PER U', 0);
INSERT INTO cuina VALUES ('REPFORM', 'BASE', 2015, 'ELE', 0.21, 'TANT PER U', 0);
INSERT INTO cuina VALUES ('REPFORM', 'BASE', 2020, 'ELE', 0.22, 'TANT PER U', 0);
INSERT INTO cuina VALUES ('REPFORM', 'BASE', 2025, 'ELE', 0.25, 'TANT PER U', 0);
INSERT INTO cuina VALUES ('REPFORM', 'BASE', 2030, 'ELE', 0.35, 'TANT PER U', 0);
INSERT INTO cuina VALUES ('REPFORM', 'BASE', 2040, 'ELE', 0.60, 'TANT PER U', 0);
INSERT INTO cuina VALUES ('REPFORM', 'BASE', 2050, 'ELE', 0.70, 'TANT PER U', 0);

INSERT INTO cuina VALUES ('REPFORM', 'BASE', 2010, 'BIO', 0.0, 'TANT PER U', 0);
INSERT INTO cuina VALUES ('REPFORM', 'BASE', 2015, 'BIO', 0.0, 'TANT PER U', 0);
INSERT INTO cuina VALUES ('REPFORM', 'BASE', 2020, 'BIO', 0.0, 'TANT PER U', 0);
INSERT INTO cuina VALUES ('REPFORM', 'BASE', 2025, 'BIO', 0.0, 'TANT PER U', 0);
INSERT INTO cuina VALUES ('REPFORM', 'BASE', 2030, 'BIO', 0.0, 'TANT PER U', 0);
INSERT INTO cuina VALUES ('REPFORM', 'BASE', 2040, 'BIO', 0.0, 'TANT PER U', 0);
INSERT INTO cuina VALUES ('REPFORM', 'BASE', 2050, 'BIO', 0.0, 'TANT PER U', 0);

INSERT INTO cuina VALUES ('REPFORM', 'BASE', 2010, 'GN', 0.65, 'TANT PER U', 0);
INSERT INTO cuina VALUES ('REPFORM', 'BASE', 2015, 'GN', 0.64, 'TANT PER U', 0);
INSERT INTO cuina VALUES ('REPFORM', 'BASE', 2020, 'GN', 0.63, 'TANT PER U', 0);
INSERT INTO cuina VALUES ('REPFORM', 'BASE', 2025, 'GN', 0.63, 'TANT PER U', 0);
INSERT INTO cuina VALUES ('REPFORM', 'BASE', 2030, 'GN', 0.565, 'TANT PER U', 0);
INSERT INTO cuina VALUES ('REPFORM', 'BASE', 2040, 'GN', 0.36, 'TANT PER U', 0);
INSERT INTO cuina VALUES ('REPFORM', 'BASE', 2050, 'GN', 0.27, 'TANT PER U', 0);

INSERT INTO cuina VALUES ('REPFORM', 'APOSTA', 2010, 'GLP', 0.15, 'TANT PER U', 0);
INSERT INTO cuina VALUES ('REPFORM', 'APOSTA', 2015, 'GLP', 0.15, 'TANT PER U', 0);
INSERT INTO cuina VALUES ('REPFORM', 'APOSTA', 2020, 'GLP', 0.15, 'TANT PER U', 0);
INSERT INTO cuina VALUES ('REPFORM', 'APOSTA', 2025, 'GLP', 0.12, 'TANT PER U', 0);
INSERT INTO cuina VALUES ('REPFORM', 'APOSTA', 2030, 'GLP', 0.075, 'TANT PER U', 0);
INSERT INTO cuina VALUES ('REPFORM', 'APOSTA', 2040, 'GLP', 0.03, 'TANT PER U', 0);
INSERT INTO cuina VALUES ('REPFORM', 'APOSTA', 2050, 'GLP', 0.0, 'TANT PER U', 0);

INSERT INTO cuina VALUES ('REPFORM', 'APOSTA', 2010, 'ELE', 0.20, 'TANT PER U', 0);
INSERT INTO cuina VALUES ('REPFORM', 'APOSTA', 2015, 'ELE', 0.21, 'TANT PER U', 0);
INSERT INTO cuina VALUES ('REPFORM', 'APOSTA', 2020, 'ELE', 0.22, 'TANT PER U', 0);
INSERT INTO cuina VALUES ('REPFORM', 'APOSTA', 2025, 'ELE', 0.27, 'TANT PER U', 0);
INSERT INTO cuina VALUES ('REPFORM', 'APOSTA', 2030, 'ELE', 0.525, 'TANT PER U', 0);
INSERT INTO cuina VALUES ('REPFORM', 'APOSTA', 2040, 'ELE', 0.82, 'TANT PER U', 0);
INSERT INTO cuina VALUES ('REPFORM', 'APOSTA', 2050, 'ELE', 0.99, 'TANT PER U', 0);

INSERT INTO cuina VALUES ('REPFORM', 'APOSTA', 2010, 'BIO', 0.0, 'TANT PER U', 0);
INSERT INTO cuina VALUES ('REPFORM', 'APOSTA', 2015, 'BIO', 0.0, 'TANT PER U', 0);
INSERT INTO cuina VALUES ('REPFORM', 'APOSTA', 2020, 'BIO', 0.0, 'TANT PER U', 0);
INSERT INTO cuina VALUES ('REPFORM', 'APOSTA', 2025, 'BIO', 0.0, 'TANT PER U', 0);
INSERT INTO cuina VALUES ('REPFORM', 'APOSTA', 2030, 'BIO', 0.0, 'TANT PER U', 0);
INSERT INTO cuina VALUES ('REPFORM', 'APOSTA', 2040, 'BIO', 0.004, 'TANT PER U', 0);
INSERT INTO cuina VALUES ('REPFORM', 'APOSTA', 2050, 'BIO', 0.01, 'TANT PER U', 0);

INSERT INTO cuina VALUES ('REPFORM', 'APOSTA', 2010, 'GN', 0.65, 'TANT PER U', 0);
INSERT INTO cuina VALUES ('REPFORM', 'APOSTA', 2015, 'GN', 0.64, 'TANT PER U', 0);
INSERT INTO cuina VALUES ('REPFORM', 'APOSTA', 2020, 'GN', 0.63, 'TANT PER U', 0);
INSERT INTO cuina VALUES ('REPFORM', 'APOSTA', 2025, 'GN', 0.61, 'TANT PER U', 0);
INSERT INTO cuina VALUES ('REPFORM', 'APOSTA', 2030, 'GN', 0.40, 'TANT PER U', 0);
INSERT INTO cuina VALUES ('REPFORM', 'APOSTA', 2040, 'GN', 0.146, 'TANT PER U', 0);
INSERT INTO cuina VALUES ('REPFORM', 'APOSTA', 2050, 'GN', 0.0, 'TANT PER U', 0);

-- Consum real GN per a cuina

INSERT INTO cuina VALUES ('CONGN', NULL, 2012, NULL,0.050, 'TEP/HABITATGE', 0);
INSERT INTO cuina VALUES ('CONGN', NULL, 2013, NULL,0.051, 'TEP/HABITATGE', 0);
INSERT INTO cuina VALUES ('CONGN', NULL, 2014, NULL,0.052, 'TEP/HABITATGE', 0);
INSERT INTO cuina VALUES ('CONGN', NULL, 2015, NULL,0.054, 'TEP/HABITATGE', 0);
INSERT INTO cuina VALUES ('CONGN', NULL, 2016, NULL,0.051, 'TEP/HABITATGE', 0);
INSERT INTO cuina VALUES ('CONGN', NULL, 2017, NULL,0.053, 'TEP/HABITATGE', 0);
INSERT INTO cuina VALUES ('CONGN', NULL, 2018, NULL,0.059, 'TEP/HABITATGE', 0);
INSERT INTO cuina VALUES ('CONGN', NULL, 2019, NULL,0.054, 'TEP/HABITATGE', 0);


